"slug","id","activo","curul","video_url","partido","partido_id","partidoP","provincia","provincia_id","tipo","nombre","nombre1","nombre2","genero","comision","twitter","video_texto","urlImagen","urlDetalle","csvDetalle"
"marcela-paola-aguinaga-vallejo",182,1,1,"","Otro movimiento",41,"Otro movimiento","Guayas",6,"Provincial","Marcela Paola Aguiñaga Vallejo","Marcela Paola","Aguiñaga Vallejo","Femenino","Derechos Colectivos, Comunitarios y la Interculturalidad","marcelaguinaga","","/media/fotos_asambleistas/agui%C3%B1aga_1.png","/composicion/asambleistas/marcela-paola-aguinaga-vallejo/","https://observatoriolegislativo.ec/informes/asambleistas/descarga/detalle-votos/marcela-paola-aguinaga-vallejo?formato=csv"
"claudio-esteban-albornoz-vintimilla",206,1,2,"","Alianza PAIS- Socialista",24,"Alianza PAIS","Azuay",10,"Provincial","Claudio Esteban Albornoz Vintimilla","Claudio Esteban","Albornoz Vintimilla","Masculino","Desarrollo Económico, Productivo y la Microempresa","@ealbornozv","","/media/fotos_asambleistas/albornoz_renKfY3.png","/composicion/asambleistas/claudio-esteban-albornoz-vintimilla/","https://observatoriolegislativo.ec/informes/asambleistas/descarga/detalle-votos/claudio-esteban-albornoz-vintimilla?formato=csv"
"jose-ricardo-serrano-salgado",185,1,3,"","Alianza PAIS",21,"Alianza PAIS","Nacional",25,"Nacional","José Ricardo Serrano Salgado","José Ricardo","Serrano Salgado","Masculino","Justicia y Estructura del Estado
Fiscalización y Control Político","@ppsesa","","/media/fotos_asambleistas/serrano.png","/composicion/asambleistas/jose-ricardo-serrano-salgado/","https://observatoriolegislativo.ec/informes/asambleistas/descarga/detalle-votos/jose-ricardo-serrano-salgado?formato=csv"
"veronica-elizabeth-arias-fernandez",186,1,4,"","Otro movimiento",41,"Otro movimiento","Loja",16,"Provincial","Verónica Elizabeth Arias Fernández","Verónica Elizabeth","Arias Fernández","Femenino","Derechos de los Trabajadores y la Seguridad Social","@veronicaariasf","","/media/fotos_asambleistas/Ver%C3%B3nica_Arias-_BC.png","/composicion/asambleistas/veronica-elizabeth-arias-fernandez/","https://observatoriolegislativo.ec/informes/asambleistas/descarga/detalle-votos/veronica-elizabeth-arias-fernandez?formato=csv"
"alberto-jesus-arias-ramirez",187,1,5,"","Alianza PAIS",21,"Alianza PAIS","Guayas",6,"Provincial","Alberto Jesús Arias Ramírez","Alberto Jesús","Arias Ramírez","Masculino","Derechos de los Trabajadores y la Seguridad Social","@albertoariasra","","/media/fotos_asambleistas/arias_a.png","/composicion/asambleistas/alberto-jesus-arias-ramirez/","https://observatoriolegislativo.ec/informes/asambleistas/descarga/detalle-votos/alberto-jesus-arias-ramirez?formato=csv"
"marcia-cecilia-arregui-rueda",188,1,6,"","Alianza PAIS",21,"Alianza PAIS","Los Ríos",9,"Provincial","Marcia Cecilia Arregui Rueda","Marcia Cecilia","Arregui Rueda","Femenino","Soberanía Alimentaria y Desarrollo del Sector Agropecuario y Pesquero","@marciarregui","","/media/fotos_asambleistas/arregui.png","/composicion/asambleistas/marcia-cecilia-arregui-rueda/","https://observatoriolegislativo.ec/informes/asambleistas/descarga/detalle-votos/marcia-cecilia-arregui-rueda?formato=csv"
"karina-cecilia-arteaga-munoz",189,1,7,"","Alianza PAIS-Unidad Primero",23,"Alianza PAIS","Manabí",5,"Provincial","Karina Cecilia Arteaga Muñoz","Karina Cecilia","Arteaga Muñoz","Femenino","Derechos de los Trabajadores y la Seguridad Social","@Kary_Arteaga","","/media/fotos_asambleistas/arteaga.png","/composicion/asambleistas/karina-cecilia-arteaga-munoz/","https://observatoriolegislativo.ec/informes/asambleistas/descarga/detalle-votos/karina-cecilia-arteaga-munoz?formato=csv"
"zoila-teresa-benavides-zambrano",190,1,8,"","Alianza PAIS-Unidad Primero",23,"Alianza PAIS","Manabí",5,"Provincial","Zoila Teresa Benavides Zambrano","Zoila Teresa","Benavides Zambrano","Femenino","Educación, Cultura y Ciencia y Tecnología","@Tereasambleista","","/media/fotos_asambleistas/benavides.png","/composicion/asambleistas/zoila-teresa-benavides-zambrano/","https://observatoriolegislativo.ec/informes/asambleistas/descarga/detalle-votos/zoila-teresa-benavides-zambrano?formato=csv"
"carlos-alberto-bergmann-reyna",191,1,9,"","Alianza PAIS-Unidad Primero",23,"Alianza PAIS","Manabí",5,"Provincial","Carlos Alberto Bergmann Reyna","Carlos Alberto","Bergmann Reyna","Masculino","Soberanía Alimentaria y Desarrollo del Sector Agropecuario y Pesquero","@bergmannerestu","","/media/fotos_asambleistas/bergman.png","/composicion/asambleistas/carlos-alberto-bergmann-reyna/","https://observatoriolegislativo.ec/informes/asambleistas/descarga/detalle-votos/carlos-alberto-bergmann-reyna?formato=csv"
"viviana-patricia-bonilla-salcedo",192,1,10,"","Independiente",12,"Independiente","Nacional",25,"Nacional","Viviana Patricia Bonilla Salcedo","Viviana Patricia","Bonilla Salcedo","Femenino","Justicia y Estructura del Estado","@viviana_bonilla","","/media/fotos_asambleistas/bonilla_rzeZgKH.png","/composicion/asambleistas/viviana-patricia-bonilla-salcedo/","https://observatoriolegislativo.ec/informes/asambleistas/descarga/detalle-votos/viviana-patricia-bonilla-salcedo?formato=csv"
"xavier-ivan-casanova-cepeda",350,1,11,"","Alianza PAIS",21,"Alianza PAIS","Pichincha",3,"Provincial","Xavier Iván Casanova Cepeda","Xavier Iván","Casanova Cepeda","Masculino","Biodiversidad y Recursos Naturales","","","/media/fotos_asambleistas/2.png","/composicion/asambleistas/xavier-ivan-casanova-cepeda/","https://observatoriolegislativo.ec/informes/asambleistas/descarga/detalle-votos/xavier-ivan-casanova-cepeda?formato=csv"
"ruben-alejandro-bustamante-monteros",194,1,12,"","Alianza PAIS-ARE",22,"Alianza PAIS","Loja",16,"Provincial","Rubén Alejandro Bustamante Monteros","Rubén Alejandro","Bustamante Monteros","Masculino","Desarrollo Económico, Productivo y la Microempresa","@rubn_bustamante","","/media/fotos_asambleistas/bustamante.png","/composicion/asambleistas/ruben-alejandro-bustamante-monteros/","https://observatoriolegislativo.ec/informes/asambleistas/descarga/detalle-votos/ruben-alejandro-bustamante-monteros?formato=csv"
"elizabeth-enriqueta-cabezas-guerrero",195,1,13,"","Independiente",12,"Independiente","Pichincha",3,"Provincial","Elizabeth Enriqueta Cabezas Guerrero","Elizabeth Enriqueta","Cabezas Guerrero","Femenino","Desarrollo Económico, Productivo y la Microempresa","@elizcabezas","","/media/fotos_asambleistas/cabezas.png","/composicion/asambleistas/elizabeth-enriqueta-cabezas-guerrero/","https://observatoriolegislativo.ec/informes/asambleistas/descarga/detalle-votos/elizabeth-enriqueta-cabezas-guerrero?formato=csv"
"karla-gabriela-cadena-velez",196,1,14,"","Independiente",12,"Independiente","Manabí",5,"Provincial","Karla Gabriela Cadena Vélez","Karla Gabriela","Cadena Vélez","Femenino","Justicia y Estructura del Estado","@KarlaCadena35","","/media/fotos_asambleistas/Karla_Cadena_IND.png","/composicion/asambleistas/karla-gabriela-cadena-velez/","https://observatoriolegislativo.ec/informes/asambleistas/descarga/detalle-votos/karla-gabriela-cadena-velez?formato=csv"
"hermuy-calle-verzozi",197,1,15,"","Otro movimiento",41,"Otro movimiento","Chimborazo",13,"Provincial","Hermuy Calle Verzozi","Hermuy","Calle Verzozi","Masculino","Régimen Económico y Tributario y su Regulación y Control","@HermuyCalle","","/media/fotos_asambleistas/calle_7uLivQr.png","/composicion/asambleistas/hermuy-calle-verzozi/","https://observatoriolegislativo.ec/informes/asambleistas/descarga/detalle-votos/hermuy-calle-verzozi?formato=csv"
"carlos-alberto-cambala-montece",198,1,16,"","Alianza PAIS",21,"Alianza PAIS","Santa Elena",7,"Provincial","Carlos Alberto Cambala Montece","Carlos Alberto","Cambala Montece","Masculino","Derechos Colectivos, Comunitarios y la Interculturalidad","@CarlosCambala_","","/media/fotos_asambleistas/cambala.png","/composicion/asambleistas/carlos-alberto-cambala-montece/","https://observatoriolegislativo.ec/informes/asambleistas/descarga/detalle-votos/carlos-alberto-cambala-montece?formato=csv"
"juan-jorge-cardenas-espinoza",199,1,17,"","Otro movimiento",41,"Otro movimiento","Cañar",1,"Provincial","Juan Jorge Cárdenas Espinoza","Juan Jorge","Cárdenas Espinoza","Masculino","Biodiversidad y Recursos Naturales","@callimanta","","/media/fotos_asambleistas/cardenas_f1uOLNA.png","/composicion/asambleistas/juan-jorge-cardenas-espinoza/","https://observatoriolegislativo.ec/informes/asambleistas/descarga/detalle-votos/juan-jorge-cardenas-espinoza?formato=csv"
"maria-jose-carrion-cevallos",200,1,18,"","Alianza PAIS",21,"Alianza PAIS","Pichincha",3,"Provincial","María José Carrión Cevallos","María José","Carrión Cevallos","Femenino","Derechos de los Trabajadores y la Seguridad Social","@majo_carrion","","/media/fotos_asambleistas/maria-josecarrion.png","/composicion/asambleistas/maria-jose-carrion-cevallos/","https://observatoriolegislativo.ec/informes/asambleistas/descarga/detalle-votos/maria-jose-carrion-cevallos?formato=csv"
"segundo-fausto-teran-sarzosa",328,1,19,"","Alianza PAIS",21,"Alianza PAIS","Pichincha",3,"Provincial","Segundo Fausto Terán Sarzosa","Segundo Fausto","Terán Sarzosa","Masculino","Derechos de los Trabajadores y la Seguridad Social","","","/media/fotos_asambleistas/teran-web_1.png","/composicion/asambleistas/segundo-fausto-teran-sarzosa/","https://observatoriolegislativo.ec/informes/asambleistas/descarga/detalle-votos/segundo-fausto-teran-sarzosa?formato=csv"
"johanna-elizabeth-cedeno-zambrano",203,1,20,"","Alianza PAIS",21,"Alianza PAIS","Santo Domingo de los Tsáchilas",17,"Provincial","Johanna Elizabeth Cedeño Zambrano","Johanna Elizabeth","Cedeño Zambrano","Femenino","Derechos de los Trabajadores y la Seguridad Social","@JohannaCedeno","","/media/fotos_asambleistas/cede%C3%B1o.png","/composicion/asambleistas/johanna-elizabeth-cedeno-zambrano/","https://observatoriolegislativo.ec/informes/asambleistas/descarga/detalle-votos/johanna-elizabeth-cedeno-zambrano?formato=csv"
"gabriela-pamela-cerda-miranda",204,1,21,"","Alianza PAIS",21,"Alianza PAIS","Napo",19,"Provincial","Gabriela Pamela Cerda Miranda","Gabriela Pamela","Cerda Miranda","Femenino","Biodiversidad y Recursos Naturales","@GabrielaCerdaEc","","/media/fotos_asambleistas/cerda.png","/composicion/asambleistas/gabriela-pamela-cerda-miranda/","https://observatoriolegislativo.ec/informes/asambleistas/descarga/detalle-votos/gabriela-pamela-cerda-miranda?formato=csv"
"jose-franklin-chala-cruz",207,1,22,"","Otro movimiento",41,"Otro movimiento","Imbabura",15,"Provincial","José Franklin Chalá Cruz","José Franklin","Chalá Cruz","Masculino","Derechos Colectivos, Comunitarios y la Interculturalidad","@JoseChala_AN","","/media/fotos_asambleistas/chala_HQuZUrC.png","/composicion/asambleistas/jose-franklin-chala-cruz/","https://observatoriolegislativo.ec/informes/asambleistas/descarga/detalle-votos/jose-franklin-chala-cruz?formato=csv"
"kharla-del-rocio-chavez-bajana",208,1,23,"","Independiente",12,"Independiente","Los Ríos",9,"Provincial","Kharla Del Rocío Chávez Bajaña","Kharla Del Rocío","Chávez Bajaña","Femenino","Justicia y Estructura del Estado","@kharlachavez","","/media/fotos_asambleistas/Kharla_Ch%C3%A1vez_IND.png","/composicion/asambleistas/kharla-del-rocio-chavez-bajana/","https://observatoriolegislativo.ec/informes/asambleistas/descarga/detalle-votos/kharla-del-rocio-chavez-bajana?formato=csv"
"jorge-wilber-corozo-ayovi",209,1,24,"","Alianza PAIS",21,"Alianza PAIS","Chimborazo",13,"Provincial","Jorge Wilber Corozo Ayoví","Jorge Wilber","Corozo Ayoví","Masculino","Derechos Colectivos, Comunitarios y la Interculturalidad","@JCorozo_Oficial","","/media/fotos_asambleistas/corozo.png","/composicion/asambleistas/jorge-wilber-corozo-ayovi/","https://observatoriolegislativo.ec/informes/asambleistas/descarga/detalle-votos/jorge-wilber-corozo-ayovi?formato=csv"
"liuba-elisa-cuesta-rios",210,1,25,"","Alianza PAIS",21,"Alianza PAIS","Guayas",6,"Provincial","Liuba Elisa Cuesta Ríos","Liuba Elisa","Cuesta Ríos","Femenino","Soberanía Alimentaria y Desarrollo del Sector Agropecuario y Pesquero","@liuba_cuesta","","/media/fotos_asambleistas/cuesta_l.png","/composicion/asambleistas/liuba-elisa-cuesta-rios/","https://observatoriolegislativo.ec/informes/asambleistas/descarga/detalle-votos/liuba-elisa-cuesta-rios?formato=csv"
"esther-adelina-cuesta-santana",211,1,26,"","Otro movimiento",41,"Otro movimiento","Europa, Asia y Oceanía",28,"Represante Extranjero","Esther Adelina Cuesta Santana","Esther Adelina","Cuesta Santana","Femenino","Soberanía, Integración, Relaciones Internacionales y Seguridad Integral","@esthercuestasan","","/media/fotos_asambleistas/cuesta_veaxsm3.png","/composicion/asambleistas/esther-adelina-cuesta-santana/","https://observatoriolegislativo.ec/informes/asambleistas/descarga/detalle-votos/esther-adelina-cuesta-santana?formato=csv"
"michel-andres-doumet-chedraui",212,1,27,"","Alianza PAIS",21,"Alianza PAIS","Guayas",6,"Provincial","Michel Andrés Doumet Chedraui","Michel Andrés","Doumet Chedraui","Masculino","Derecho a la Salud","@MichelDoumet","","/media/fotos_asambleistas/doumet.png","/composicion/asambleistas/michel-andres-doumet-chedraui/","https://observatoriolegislativo.ec/informes/asambleistas/descarga/detalle-votos/michel-andres-doumet-chedraui?formato=csv"
"liliana-elizabeth-duran-aguilar",213,1,28,"","Otro movimiento",41,"Otro movimiento","Nacional",25,"Nacional","Liliana Elizabeth Durán Aguilar","Liliana Elizabeth","Durán Aguilar","Femenino","Biodiversidad y Recursos Naturales","@lduranaguilar","","/media/fotos_asambleistas/duran_Ew9LhZq.png","/composicion/asambleistas/liliana-elizabeth-duran-aguilar/","https://observatoriolegislativo.ec/informes/asambleistas/descarga/detalle-votos/liliana-elizabeth-duran-aguilar?formato=csv"
"ronny-xavier-aleaga-santos",327,1,29,"","Otro movimiento",41,"Otro movimiento","Guayas",6,"Provincial","Ronny Xavier Aleaga Santos","Ronny Xavier","Aleaga Santos","Masculino","Participación Ciudadana y Control Social","@RonnyAleaga","","/media/fotos_asambleistas/aelaga-web_1.png","/composicion/asambleistas/ronny-xavier-aleaga-santos/","https://observatoriolegislativo.ec/informes/asambleistas/descarga/detalle-votos/ronny-xavier-aleaga-santos?formato=csv"
"augusto-xavier-espinosa-andrade",215,1,30,"","Otro movimiento",41,"Otro movimiento","Nacional",25,"Nacional","Augusto Xavier Espinosa Andrade","Augusto Xavier","Espinosa Andrade","Masculino","Soberanía, Integración, Relaciones Internacionales y Seguridad Integral","@AXEA65","","/media/fotos_asambleistas/espinosa_RUjmSPb.png","/composicion/asambleistas/augusto-xavier-espinosa-andrade/","https://observatoriolegislativo.ec/informes/asambleistas/descarga/detalle-votos/augusto-xavier-espinosa-andrade?formato=csv"
"brenda-azucena-flor-gil",216,1,31,"","Alianza PAIS",21,"Alianza PAIS","Galápagos",24,"Provincial","Brenda Azucena Flor Gil","Brenda Azucena","Flor Gil","Femenino","Biodiversidad y Recursos Naturales","@BrendaFlorGil","","/media/fotos_asambleistas/flor.png","/composicion/asambleistas/brenda-azucena-flor-gil/","https://observatoriolegislativo.ec/informes/asambleistas/descarga/detalle-votos/brenda-azucena-flor-gil?formato=csv"
"carmen-mercedes-garcia-gaibor",217,1,32,"","Otro movimiento",41,"Otro movimiento","Cotopaxi",14,"Provincial","Carmen Mercedes García Gaibor","Carmen Mercedes","García Gaibor","Femenino","Educación, Cultura y Ciencia y Tecnología","","","/media/fotos_asambleistas/garcia_LlSn2Lg.png","/composicion/asambleistas/carmen-mercedes-garcia-gaibor/","https://observatoriolegislativo.ec/informes/asambleistas/descarga/detalle-votos/carmen-mercedes-garcia-gaibor?formato=csv"
"diego-oswaldo-garcia-pozo",218,1,33,"","Otro movimiento",41,"Otro movimiento","Imbabura",15,"Provincial","Diego Oswaldo García Pozo","Diego Oswaldo","García Pozo","Masculino","Gobiernos Autónomos, Descentralización, Competencias y Organización Territorial","@diegoesimbabura","","/media/fotos_asambleistas/garcia_d_OTYn95i.png","/composicion/asambleistas/diego-oswaldo-garcia-pozo/","https://observatoriolegislativo.ec/informes/asambleistas/descarga/detalle-votos/diego-oswaldo-garcia-pozo?formato=csv"
"william-antonio-garzon-ricaurte",219,1,34,"","Alianza PAIS",21,"Alianza PAIS","Santo Domingo de los Tsáchilas",17,"Provincial","William Antonio Garzón Ricaurte","William Antonio","Garzón Ricaurte","Masculino","Derecho a la Salud","@drwilliamgarzon","","/media/fotos_asambleistas/garzon.png","/composicion/asambleistas/william-antonio-garzon-ricaurte/","https://observatoriolegislativo.ec/informes/asambleistas/descarga/detalle-votos/william-antonio-garzon-ricaurte?formato=csv"
"fafo-holguin-gavilanez-camacho",220,1,35,"","Alianza PAIS",21,"Alianza PAIS","Bolívar",11,"Provincial","Fafo Holguín Gavilánez Camacho","Fafo Holguín","Gavilánez Camacho","Masculino","Soberanía, Integración, Relaciones Internacionales y Seguridad Integral","@Fafo_Gavilanez","","/media/fotos_asambleistas/gavilanez.png","/composicion/asambleistas/fafo-holguin-gavilanez-camacho/","https://observatoriolegislativo.ec/informes/asambleistas/descarga/detalle-votos/fafo-holguin-gavilanez-camacho?formato=csv"
"veronica-margarita-guevara-villacres",221,1,36,"","Otro movimiento",41,"Otro movimiento","Guayas",6,"Provincial","Verónica Margarita Guevara Villacres","Verónica Margarita","Guevara Villacres","Femenino","Soberanía Alimentaria y Desarrollo del Sector Agropecuario y Pesquero","@VeroGuevarav","","/media/fotos_asambleistas/guevara_flqFYvz.png","/composicion/asambleistas/veronica-margarita-guevara-villacres/","https://observatoriolegislativo.ec/informes/asambleistas/descarga/detalle-votos/veronica-margarita-guevara-villacres?formato=csv"
"marcela-priscila-holguin-naranjo",222,1,37,"","Otro movimiento",41,"Otro movimiento","Pichincha",3,"Provincial","Marcela Priscila Holguín Naranjo","Marcela Priscila","Holguín Naranjo","Femenino","Derechos de los Trabajadores y la Seguridad Social","@marcelaholguin","","/media/fotos_asambleistas/holguin_nnAfxlp.png","/composicion/asambleistas/marcela-priscila-holguin-naranjo/","https://observatoriolegislativo.ec/informes/asambleistas/descarga/detalle-votos/marcela-priscila-holguin-naranjo?formato=csv"
"cesar-ernesto-litardo-caicedo",223,1,38,"","Alianza PAIS",21,"Alianza PAIS","Los Ríos",9,"Provincial","Cesar Ernesto Litardo Caicedo","Cesar Ernesto","Litardo Caicedo","Masculino","Soberanía Alimentaria y Desarrollo del Sector Agropecuario y Pesquero
Comisión Ocasional Consulta Popular 2018
Comisión Caso Gabela","@cesarlitardo","","/media/fotos_asambleistas/litardo.png","/composicion/asambleistas/cesar-ernesto-litardo-caicedo/","https://observatoriolegislativo.ec/informes/asambleistas/descarga/detalle-votos/cesar-ernesto-litardo-caicedo?formato=csv"
"juan-cristobal-lloret-valdivieso",224,1,39,"","Otro movimiento",41,"Otro movimiento","Azuay",10,"Provincial","Juan Cristóbal Lloret Valdivieso","Juan Cristóbal","Lloret Valdivieso","Masculino","Derechos Colectivos, Comunitarios y la Interculturalidad","@jcristoballoret","","/media/fotos_asambleistas/lloret_CH1LOAa.png","/composicion/asambleistas/juan-cristobal-lloret-valdivieso/","https://observatoriolegislativo.ec/informes/asambleistas/descarga/detalle-votos/juan-cristobal-lloret-valdivieso?formato=csv"
"ana-belen-marin-aguirre",225,1,40,"","Alianza PAIS",21,"Alianza PAIS","Cotopaxi",14,"Provincial","Ana Belén Marín Aguirre","Ana Belén","Marín Aguirre","Femenino","Régimen Económico y Tributario y su Regulación y Control","@anitabelenmarin","","/media/fotos_asambleistas/aguirre.png","/composicion/asambleistas/ana-belen-marin-aguirre/","https://observatoriolegislativo.ec/informes/asambleistas/descarga/detalle-votos/ana-belen-marin-aguirre?formato=csv"
"esteban-andres-melo-garzon",226,1,41,"","Otro movimiento",41,"Otro movimiento","Europa, Asia y Oceanía",28,"Represante Extranjero","Esteban Andrés Melo Garzón","Esteban Andrés","Melo Garzón","Masculino","Régimen Económico y Tributario y su Regulación y Control
Fiscalización y Control Político","@EstebanMeloG","","/media/fotos_asambleistas/melo_P7JsTHU.png","/composicion/asambleistas/esteban-andres-melo-garzon/","https://observatoriolegislativo.ec/informes/asambleistas/descarga/detalle-votos/esteban-andres-melo-garzon?formato=csv"
"pinuccia-magaly-colamarco-vera",352,1,42,"","Alianza PAIS-Unidad Primero",23,"Alianza PAIS","Manabí",5,"Provincial","Pinuccia Magaly Colamarco Vera","Pinuccia Magaly","Colamarco Vera","Femenino","Régimen Económico y Tributario y su Regulación y Control","","","/media/fotos_asambleistas/pinnuccia.png","/composicion/asambleistas/pinuccia-magaly-colamarco-vera/","https://observatoriolegislativo.ec/informes/asambleistas/descarga/detalle-votos/pinuccia-magaly-colamarco-vera?formato=csv"
"christian-pabel-munoz-lopez",228,1,43,"","Otro movimiento",41,"Otro movimiento","Pichincha",3,"Provincial","Christian Pabel Muñoz López","Christian Pabel","Muñoz López","Masculino","Participación Ciudadana y Control Social","@pabelml","","/media/fotos_asambleistas/mu%C3%B1oz_wBRC9b8.png","/composicion/asambleistas/christian-pabel-munoz-lopez/","https://observatoriolegislativo.ec/informes/asambleistas/descarga/detalle-votos/christian-pabel-munoz-lopez?formato=csv"
"priscila-amapola-naranjo-alvarado",229,1,44,"","Otro movimiento",41,"Otro movimiento","Pichincha",3,"Provincial","Priscila Amapola Naranjo Alvarado","Priscila Amapola","Naranjo Alvarado","Femenino","Educación, Cultura y Ciencia y Tecnología","@amapolanaranjo","","/media/fotos_asambleistas/naranjo_7obocLV.png","/composicion/asambleistas/priscila-amapola-naranjo-alvarado/","https://observatoriolegislativo.ec/informes/asambleistas/descarga/detalle-votos/priscila-amapola-naranjo-alvarado?formato=csv"
"manuel-alfredo-ochoa-morante",230,1,45,"","Alianza PAIS",21,"Alianza PAIS","Santo Domingo de los Tsáchilas",17,"Provincial","Manuel Alfredo Ochoa Morante","Manuel Alfredo","Ochoa Morante","Masculino","Derecho a la Salud","@ManuelOchoaM_","","/media/fotos_asambleistas/ochoa.png","/composicion/asambleistas/manuel-alfredo-ochoa-morante/","https://observatoriolegislativo.ec/informes/asambleistas/descarga/detalle-votos/manuel-alfredo-ochoa-morante?formato=csv"
"rosa-gina-orellana-roman",231,1,46,"","Alianza PAIS",21,"Alianza PAIS","El Oro",8,"Provincial","Rosa Gina Orellana Róman","Rosa Gina","Orellana Róman","Femenino","Justicia y Estructura del Estado","@RossyOrellanaR","","/media/fotos_asambleistas/orellana.png","/composicion/asambleistas/rosa-gina-orellana-roman/","https://observatoriolegislativo.ec/informes/asambleistas/descarga/detalle-votos/rosa-gina-orellana-roman?formato=csv"
"juan-francisco-bustamante-garcia",336,1,47,"","Alianza PAIS",21,"Alianza PAIS","Los Ríos",9,"Provincial","Juan Francisco Bustamante García","Juan Francisco","Bustamante García","Masculino","Soberanía Alimentaria y Desarrollo del Sector Agropecuario y Pesquero","","","/media/fotos_asambleistas/Bustamante_D%C3%ADaz.png","/composicion/asambleistas/juan-francisco-bustamante-garcia/","https://observatoriolegislativo.ec/informes/asambleistas/descarga/detalle-votos/juan-francisco-bustamante-garcia?formato=csv"
"ximena-del-rocio-pena-pacheco",233,1,48,"","Alianza PAIS",21,"Alianza PAIS","EEUU y Canadá",29,"Represante Extranjero","Ximena Del Rocío Peña Pacheco","Ximena Del Rocío","Peña Pacheco","Femenino","Justicia y Estructura del Estado","@XimenaPena1","","/media/fotos_asambleistas/pe%C3%B1a.png","/composicion/asambleistas/ximena-del-rocio-pena-pacheco/","https://observatoriolegislativo.ec/informes/asambleistas/descarga/detalle-votos/ximena-del-rocio-pena-pacheco?formato=csv"
"lenin-plaza-castillo",234,1,49,"","Alianza PAIS",21,"Alianza PAIS","Esmeraldas",4,"Provincial","Lenin Plaza Castillo","Lenin","Plaza Castillo","Masculino","Soberanía Alimentaria y Desarrollo del Sector Agropecuario y Pesquero","@LeninPlazaC","","/media/fotos_asambleistas/plaza.png","/composicion/asambleistas/lenin-plaza-castillo/","https://observatoriolegislativo.ec/informes/asambleistas/descarga/detalle-votos/lenin-plaza-castillo?formato=csv"
"yofre-martin-poma-herrera",238,1,50,"","Otro movimiento",41,"Otro movimiento","Sucumbíos",22,"Provincial","Yofre Martin Poma Herrera","Yofre Martin","Poma Herrera","Masculino","Soberanía, Integración, Relaciones Internacionales y Seguridad Integral","@PomaYofre","","/media/fotos_asambleistas/poma_1.png","/composicion/asambleistas/yofre-martin-poma-herrera/","https://observatoriolegislativo.ec/informes/asambleistas/descarga/detalle-votos/yofre-martin-poma-herrera?formato=csv"
"roberth-mauricio-proano-cifuentes",241,1,51,"","Otro movimiento",41,"Otro movimiento","Pichincha",3,"Provincial","Roberth Mauricio Proaño Cifuentes","Roberth Mauricio","Proaño Cifuentes","Masculino","Soberanía Alimentaria y Desarrollo del Sector Agropecuario y Pesquero","@MauricioProanio","","/media/fotos_asambleistas/proa%C3%B1o_tHsrE87.png","/composicion/asambleistas/roberth-mauricio-proano-cifuentes/","https://observatoriolegislativo.ec/informes/asambleistas/descarga/detalle-votos/roberth-mauricio-proano-cifuentes?formato=csv"
"luis-rafael-quijije-delgado",243,1,52,"","Alianza PAIS-Unidad Primero",23,"Alianza PAIS","Manabí",5,"Provincial","Luis Rafael Quijije Delgado","Luis Rafael","Quijije Delgado","Masculino","Educación, Cultura y Ciencia y Tecnología","","","/media/fotos_asambleistas/quijije.png","/composicion/asambleistas/luis-rafael-quijije-delgado/","https://observatoriolegislativo.ec/informes/asambleistas/descarga/detalle-votos/luis-rafael-quijije-delgado?formato=csv"
"julio-cesar-quinonez-ocampo",253,1,53,"","Alianza PAIS",21,"Alianza PAIS","Guayas",6,"Provincial","Julio César Quiñónez Ocampo","Julio César","Quiñónez Ocampo","Masculino","Participación Ciudadana y Control Social","@JCQuinonez","","/media/fotos_asambleistas/qui%C3%B1onez.png","/composicion/asambleistas/julio-cesar-quinonez-ocampo/","https://observatoriolegislativo.ec/informes/asambleistas/descarga/detalle-votos/julio-cesar-quinonez-ocampo?formato=csv"
"jose-clemente-agualsaca-guaman",348,1,54,"","Otro movimiento",41,"Otro movimiento","Nacional",25,"Nacional","José Clemente Agualsaca Guamán","José Clemente","Agualsaca Guamán","Masculino","Derecho a la Salud","","","/media/fotos_asambleistas/3_Ja2rD2M.png","/composicion/asambleistas/jose-clemente-agualsaca-guaman/","https://observatoriolegislativo.ec/informes/asambleistas/descarga/detalle-votos/jose-clemente-agualsaca-guaman?formato=csv"
"carmen-mercedes-rivadeneira-bustos",256,1,55,"","Otro movimiento",41,"Otro movimiento","Esmeraldas",4,"Provincial","Carmen Mercedes Rivadeneira Bustos","Carmen Mercedes","Rivadeneira Bustos","Femenino","Desarrollo Económico, Productivo y la Microempresa","@CarmenRivadene1","","/media/fotos_asambleistas/rivadeneira_3V83gdk.png","/composicion/asambleistas/carmen-mercedes-rivadeneira-bustos/","https://observatoriolegislativo.ec/informes/asambleistas/descarga/detalle-votos/carmen-mercedes-rivadeneira-bustos?formato=csv"
"guadalupe-dolores-salazar-cedeno",257,1,56,"","Alianza PAIS",21,"Alianza PAIS","Guayas",6,"Provincial","Guadalupe Dolores Salazar Cedeño","Guadalupe Dolores","Salazar Cedeño","Femenino","Derecho a la Salud","@lolysalazar35","","/media/fotos_asambleistas/salazar.png","/composicion/asambleistas/guadalupe-dolores-salazar-cedeno/","https://observatoriolegislativo.ec/informes/asambleistas/descarga/detalle-votos/guadalupe-dolores-salazar-cedeno?formato=csv"
"silvia-betzabeth-salgado-andrade",258,1,57,"","Alianza PAIS- Socialista",24,"Alianza PAIS","Imbabura",15,"Provincial","Silvia Betzabeth Salgado Andrade","Silvia Betzabeth","Salgado Andrade","Femenino","Educación, Cultura y Ciencia y Tecnología","@silviasalgadoan","","/media/fotos_asambleistas/salgado.png","/composicion/asambleistas/silvia-betzabeth-salgado-andrade/","https://observatoriolegislativo.ec/informes/asambleistas/descarga/detalle-votos/silvia-betzabeth-salgado-andrade?formato=csv"
"franklin-omar-samaniego-maigua",260,1,58,"","Otro movimiento",41,"Otro movimiento","Pichincha",3,"Provincial","Franklin Omar Samaniego Maigua","Franklin Omar","Samaniego Maigua","Masculino","Justicia y Estructura del Estado","@FrankSamaniegoM","","/media/fotos_asambleistas/samaniego_ugccmZt.png","/composicion/asambleistas/franklin-omar-samaniego-maigua/","https://observatoriolegislativo.ec/informes/asambleistas/descarga/detalle-votos/franklin-omar-samaniego-maigua?formato=csv"
"andrea-alexandra-yaguana-echeverria",346,1,59,"","Alianza PAIS-MAR",42,"Alianza PAIS","El Oro",8,"Provincial","Andrea Alexandra Yaguana Echeverría","Andrea Alexandra","Yaguana Echeverría","Femenino","Gobiernos Autónomos, Descentralización, Competencias y Organización Territorial","","","/media/fotos_asambleistas/Yaguana_Andrea.png","/composicion/asambleistas/andrea-alexandra-yaguana-echeverria/","https://observatoriolegislativo.ec/informes/asambleistas/descarga/detalle-votos/andrea-alexandra-yaguana-echeverria?formato=csv"
"monica-rocio-aleman-marmol",184,1,60,"","Otro movimiento",41,"Otro movimiento","Pichincha",3,"Provincial","Mónica Rocío Alemán Mármol","Mónica Rocío","Alemán Mármol","Femenino","Gobiernos Autónomos, Descentralización, Competencias y Organización Territorial","@MonicaAlemanM","","/media/fotos_asambleistas/aleman_1.png","/composicion/asambleistas/monica-rocio-aleman-marmol/","https://observatoriolegislativo.ec/informes/asambleistas/descarga/detalle-votos/monica-rocio-aleman-marmol?formato=csv"
"doris-josefina-soliz-carrion",263,1,61,"","Otro movimiento",41,"Otro movimiento","Azuay",10,"Provincial","Doris Josefina Soliz Carrión","Doris Josefina","Soliz Carrión","Femenino","Desarrollo Económico, Productivo y la Microempresa","@dorissoliz","","/media/fotos_asambleistas/soliz_GTqSqCX.png","/composicion/asambleistas/doris-josefina-soliz-carrion/","https://observatoriolegislativo.ec/informes/asambleistas/descarga/detalle-votos/doris-josefina-soliz-carrion?formato=csv"
"bairon-leonardo-valle-pinargote",264,1,62,"","Otro movimiento",41,"Otro movimiento","Guayas",6,"Provincial","Bairon Leonardo Valle Pinargote","Bairon Leonardo","Valle Pinargote","Masculino","Derecho a la Salud
Fiscalización y Control Político
Comisión Ocasional Transporte Tránsito y Seguridad Vial
Comisión Ocasional Seguridad Fronteriza","@BaironValleP","","/media/fotos_asambleistas/valle_tofbntm.png","/composicion/asambleistas/bairon-leonardo-valle-pinargote/","https://observatoriolegislativo.ec/informes/asambleistas/descarga/detalle-votos/bairon-leonardo-valle-pinargote?formato=csv"
"juan-pablo-velin-cortez",265,1,63,"","Independiente",12,"Independiente","Morona Santiago",2,"Provincial","Juan Pablo Velín Cortez","Juan Pablo","Velín Cortez","Masculino","Biodiversidad y Recursos Naturales","@jpvelin","","/media/fotos_asambleistas/velin_PvESnxQ.png","/composicion/asambleistas/juan-pablo-velin-cortez/","https://observatoriolegislativo.ec/informes/asambleistas/descarga/detalle-votos/juan-pablo-velin-cortez?formato=csv"
"wendy-vanessa-vera-flores",266,1,64,"","Otro movimiento",41,"Otro movimiento","Guayas",6,"Provincial","Wendy Vanessa Vera Flores","Wendy Vanessa","Vera Flores","Femenino","Derecho a la Salud","@WendyVeraEc","","/media/fotos_asambleistas/vera_w_71tzc4n.png","/composicion/asambleistas/wendy-vanessa-vera-flores/","https://observatoriolegislativo.ec/informes/asambleistas/descarga/detalle-votos/wendy-vanessa-vera-flores?formato=csv"
"carlos-alfredo-vera-rodriguez",268,1,65,"","Alianza PAIS",21,"Alianza PAIS","Nacional",25,"Nacional","Carlos Alfredo Vera Rodríguez","Carlos Alfredo","Vera Rodríguez","Masculino","Derecho a la Salud","@CarlosVeraEc","","/media/fotos_asambleistas/vera_L0kHu0T.png","/composicion/asambleistas/carlos-alfredo-vera-rodriguez/","https://observatoriolegislativo.ec/informes/asambleistas/descarga/detalle-votos/carlos-alfredo-vera-rodriguez?formato=csv"
"lira-de-la-paz-villalva-miranda",269,1,66,"","Otro movimiento",41,"Otro movimiento","Tungurahua",18,"Provincial","Lira De La Paz Villalva Miranda","Lira De La Paz","Villalva Miranda","Femenino","Biodiversidad y Recursos Naturales
Régimen Económico y Tributario y su Regulación y Control","@liradelapaz","","/media/fotos_asambleistas/villalva_OBB4ROw.png","/composicion/asambleistas/lira-de-la-paz-villalva-miranda/","https://observatoriolegislativo.ec/informes/asambleistas/descarga/detalle-votos/lira-de-la-paz-villalva-miranda?formato=csv"
"martha-ximena-chactong-velasco",349,1,67,"","Alianza PAIS",21,"Alianza PAIS","Nacional",25,"Nacional","Martha Ximena Chactong Velasco","Martha Ximena","Chactong Velasco","Femenino","Derechos Colectivos, Comunitarios y la Interculturalidad","@XChactongEc","","/media/fotos_asambleistas/1.png","/composicion/asambleistas/martha-ximena-chactong-velasco/","https://observatoriolegislativo.ec/informes/asambleistas/descarga/detalle-votos/martha-ximena-chactong-velasco?formato=csv"
"juan-carlos-yar-araujo",273,1,68,"","Alianza PAIS",21,"Alianza PAIS","Carchi",12,"Provincial","Juan Carlos Yar Araujo","Juan Carlos","Yar Araujo","Masculino","Régimen Económico y Tributario y su Regulación y Control","@juancarlosyar2","","/media/fotos_asambleistas/yar.png","/composicion/asambleistas/juan-carlos-yar-araujo/","https://observatoriolegislativo.ec/informes/asambleistas/descarga/detalle-votos/juan-carlos-yar-araujo?formato=csv"
"nancy-jeanneth-guamba-diaz",334,1,69,"","Otro movimiento",41,"Otro movimiento","Pichincha",3,"Provincial","Nancy Jeanneth Guamba Díaz","Nancy Jeanneth","Guamba Díaz","Femenino","Derecho a la Salud","","","/media/fotos_asambleistas/Nancy_Guamba_Bloque_corre%C3%ADsta.png","/composicion/asambleistas/nancy-jeanneth-guamba-diaz/","https://observatoriolegislativo.ec/informes/asambleistas/descarga/detalle-votos/nancy-jeanneth-guamba-diaz?formato=csv"
"lexi-liduvina-loor-alcivar",335,1,70,"","Otro movimiento",41,"Otro movimiento","Manabí",5,"Provincial","Lexi Liduvina Loor Alcívar","Lexi Liduvina","Loor Alcívar","Femenino","Soberanía, Integración, Relaciones Internacionales y Seguridad Integral","","","/media/fotos_asambleistas/Lexi_Loor_BC.png","/composicion/asambleistas/lexi-liduvina-loor-alcivar/","https://observatoriolegislativo.ec/informes/asambleistas/descarga/detalle-votos/lexi-liduvina-loor-alcivar?formato=csv"
"wilma-piedad-andrade-munoz",278,1,71,"","Izquierda Democrática",17,"Izquierda Democrática","Nacional",25,"Nacional","Wilma Piedad Andrade Muñoz","Wilma Piedad","Andrade Muñoz","Femenino","Régimen Económico y Tributario y su Regulación y Control","@Wilmandrade","","/media/fotos_asambleistas/andrade.png","/composicion/asambleistas/wilma-piedad-andrade-munoz/","https://observatoriolegislativo.ec/informes/asambleistas/descarga/detalle-votos/wilma-piedad-andrade-munoz?formato=csv"
"magda-xiomara-zambrano-alcivar",342,1,72,"","Partido Social Cristiano-Madera de Guerrero",27,"Partido Social Cristiano","Guayas",6,"Provincial","Magda Xiomara Zambrano Alcívar","Magda Xiomara","Zambrano Alcívar","Femenino","Gobiernos Autónomos, Descentralización, Competencias y Organización Territorial","","","/media/fotos_asambleistas/Zambrano_Xiomara.png","/composicion/asambleistas/magda-xiomara-zambrano-alcivar/","https://observatoriolegislativo.ec/informes/asambleistas/descarga/detalle-votos/magda-xiomara-zambrano-alcivar?formato=csv"
"raul-vicente-auquilla-ortega",280,1,73,"","Partido Social Cristiano",3,"Partido Social Cristiano","Loja",16,"Provincial","Raúl Vicente Auquilla Ortega","Raúl Vicente","Auquilla Ortega","Masculino","Gobiernos Autónomos, Descentralización, Competencias y Organización Territorial","@raulauquilla21","","/media/fotos_asambleistas/auquilla_wd6qkYk.png","/composicion/asambleistas/raul-vicente-auquilla-ortega/","https://observatoriolegislativo.ec/informes/asambleistas/descarga/detalle-votos/raul-vicente-auquilla-ortega?formato=csv"
"lina-gloria-astudillo-loor",345,1,74,"","CREO- PARTICIPA",35,"CREO","Azuay",10,"Provincial","Lina Gloria Astudillo Loor","Lina Gloria","Astudillo Loor","Femenino","Participación Ciudadana y Control Social","","","/media/fotos_asambleistas/Astudillo_Lina.png","/composicion/asambleistas/lina-gloria-astudillo-loor/","https://observatoriolegislativo.ec/informes/asambleistas/descarga/detalle-votos/lina-gloria-astudillo-loor?formato=csv"
"felix-fernando-burbano-montenegro",282,1,75,"","Juntos Podemos",39,"Juntos Podemos","Nacional",25,"Nacional","Félix Fernando Burbano Montenegro","Félix Fernando","Burbano Montenegro","Masculino","Desarrollo Económico, Productivo y la Microempresa","@feburbano","","/media/fotos_asambleistas/burbano_1.png","/composicion/asambleistas/felix-fernando-burbano-montenegro/","https://observatoriolegislativo.ec/informes/asambleistas/descarga/detalle-votos/felix-fernando-burbano-montenegro?formato=csv"
"noralma-elizabeth-zambrano-castro",283,1,76,"","Alianza PAIS",21,"Alianza PAIS","Santa Elena",7,"Provincial","Noralma Elizabeth Zambrano Castro","Noralma Elizabeth","Zambrano Castro","Femenino","Educación, Cultura y Ciencia y Tecnología
Fiscalización y Control Político
Comisión Caso Gabela","@noralmazambrano","","/media/fotos_asambleistas/zambrano_n.png","/composicion/asambleistas/noralma-elizabeth-zambrano-castro/","https://observatoriolegislativo.ec/informes/asambleistas/descarga/detalle-votos/noralma-elizabeth-zambrano-castro?formato=csv"
"flerida-yovana-guevara-lozada",354,1,77,"","Independiente",12,"Independiente","Sucumbíos",22,"Provincial","Flerida Yovana Guevara Lozada","Flerida Yovana","Guevara Lozada","Femenino","Participación Ciudadana y Control Social","","","/media/fotos_asambleistas/Silueta_OklTkYY.jpeg","/composicion/asambleistas/flerida-yovana-guevara-lozada/","https://observatoriolegislativo.ec/informes/asambleistas/descarga/detalle-votos/flerida-yovana-guevara-lozada?formato=csv"
"henry-eduardo-cucalon-camacho",285,1,78,"","Partido Social Cristiano-Madera de Guerrero",27,"Partido Social Cristiano","Guayas",6,"Provincial","Henry Eduardo Cucalón Camacho","Henry Eduardo","Cucalón Camacho","Masculino","Justicia y Estructura del Estado","@henrycucalon","","/media/fotos_asambleistas/cucalon.png","/composicion/asambleistas/henry-eduardo-cucalon-camacho/","https://observatoriolegislativo.ec/informes/asambleistas/descarga/detalle-votos/henry-eduardo-cucalon-camacho?formato=csv"
"mercedes-maritza-serrano-viteri",341,1,79,"","Partido Social Cristiano",3,"Partido Social Cristiano","El Oro",8,"Provincial","Mercedes Maritza Serrano Viteri","Mercedes Maritza","Serrano Viteri","Femenino","Soberanía Alimentaria y Desarrollo del Sector Agropecuario y Pesquero
Fiscalización y Control Político","","","/media/fotos_asambleistas/mercedesserrano.png","/composicion/asambleistas/mercedes-maritza-serrano-viteri/","https://observatoriolegislativo.ec/informes/asambleistas/descarga/detalle-votos/mercedes-maritza-serrano-viteri?formato=csv"
"fernando-callejas-barona",287,1,80,"","CREO",33,"CREO","Tungurahua",18,"Provincial","Fernando Callejas Barona","Fernando","Callejas Barona","Masculino","Desarrollo Económico, Productivo y la Microempresa","@Fernandcallejas","","/media/fotos_asambleistas/callejas_uxjYx1X.png","/composicion/asambleistas/fernando-callejas-barona/","https://observatoriolegislativo.ec/informes/asambleistas/descarga/detalle-votos/fernando-callejas-barona?formato=csv"
"rina-asuncion-campain-brambilla",288,1,81,"","CREO",33,"CREO","Esmeraldas",4,"Provincial","Rina Asunción Campain Brambilla","Rina Asunción","Campain Brambilla","Femenino","Derechos de los Trabajadores y la Seguridad Social","@RinaCampainB","","/media/fotos_asambleistas/campain_E6pUJxC.png","/composicion/asambleistas/rina-asuncion-campain-brambilla/","https://observatoriolegislativo.ec/informes/asambleistas/descarga/detalle-votos/rina-asuncion-campain-brambilla?formato=csv"
"emilio-absalon-campoverde-robles",289,1,82,"","CREO",33,"CREO","Zamora Chinchipe",23,"Provincial","Emilio Absalón Campoverde Robles","Emilio Absalón","Campoverde Robles","Masculino","Biodiversidad y Recursos Naturales
Fiscalización y Control Político","@absaloncreo","","/media/fotos_asambleistas/campoverde_ct0qKDI.png","/composicion/asambleistas/emilio-absalon-campoverde-robles/","https://observatoriolegislativo.ec/informes/asambleistas/descarga/detalle-votos/emilio-absalon-campoverde-robles?formato=csv"
"cesar-ataulfo-carrion-moreno",290,1,83,"","CREO",33,"CREO","Cotopaxi",14,"Provincial","César Ataulfo Carrión Moreno","César Ataulfo","Carrión Moreno","Masculino","Soberanía, Integración, Relaciones Internacionales y Seguridad Integral","@Cesar_Carrion21","","/media/fotos_asambleistas/carrion_lqou0i0.png","/composicion/asambleistas/cesar-ataulfo-carrion-moreno/","https://observatoriolegislativo.ec/informes/asambleistas/descarga/detalle-votos/cesar-ataulfo-carrion-moreno?formato=csv"
"alberto-alexander-zambrano-chacha",291,1,84,"","Alianza PAIS",21,"Alianza PAIS","Orellana",20,"Provincial","Alberto Alexander Zambrano Chacha","Alberto Alexander","Zambrano Chacha","Masculino","Biodiversidad y Recursos Naturales","@AlbertoZambra20","","/media/fotos_asambleistas/zambrano_a.png","/composicion/asambleistas/alberto-alexander-zambrano-chacha/","https://observatoriolegislativo.ec/informes/asambleistas/descarga/detalle-votos/alberto-alexander-zambrano-chacha?formato=csv"
"angel-ruperto-sinmaleza-sanchez",292,1,85,"","Independiente",12,"Independiente","Bolívar",11,"Provincial","Ángel Ruperto Sinmaleza Sánchez","Ángel Ruperto","Sinmaleza Sánchez","Masculino","Derecho a la Salud","@AngelSinmaleza","","/media/fotos_asambleistas/sunmaleza_asjKb4l.png","/composicion/asambleistas/angel-ruperto-sinmaleza-sanchez/","https://observatoriolegislativo.ec/informes/asambleistas/descarga/detalle-votos/angel-ruperto-sinmaleza-sanchez?formato=csv"
"castulo-rene-yandun-pozo",293,1,86,"","Movimiento Integración Democrática del Carchi",38,"Movimiento Integración Democrática del Carchi","Carchi",12,"Provincial","Cástulo Rene Yandún Pozo","Cástulo Rene","Yandún Pozo","Masculino","Soberanía, Integración, Relaciones Internacionales y Seguridad Integral","@YandunRene","","/media/fotos_asambleistas/yandun_lj9E2QX.png","/composicion/asambleistas/castulo-rene-yandun-pozo/","https://observatoriolegislativo.ec/informes/asambleistas/descarga/detalle-votos/castulo-rene-yandun-pozo?formato=csv"
"patricia-ivonne-henriquez-jaime",294,1,87,"","Partido Social Cristiano",3,"Partido Social Cristiano","El Oro",8,"Provincial","Patricia Ivonne Henríquez Jaime","Patricia Ivonne","Henríquez Jaime","Femenino","Derecho a la Salud","@PHenriquezElOro","","/media/fotos_asambleistas/hernandez.png","/composicion/asambleistas/patricia-ivonne-henriquez-jaime/","https://observatoriolegislativo.ec/informes/asambleistas/descarga/detalle-votos/patricia-ivonne-henriquez-jaime?formato=csv"
"henry-fabian-kronfle-kozhaya",320,1,88,"","Partido Social Cristiano",3,"Partido Social Cristiano","Nacional",25,"Nacional","Henry Fabián Kronfle Kozhaya","Henry Fabián","Kronfle Kozhaya","Masculino","Régimen Económico y Tributario y su Regulación y Control","@HenryKronfle","","/media/fotos_asambleistas/kronfle.png","/composicion/asambleistas/henry-fabian-kronfle-kozhaya/","https://observatoriolegislativo.ec/informes/asambleistas/descarga/detalle-votos/henry-fabian-kronfle-kozhaya?formato=csv"
"xavier-homero-castanier-jaramillo",319,1,89,"","CREO",33,"CREO","Cañar",1,"Provincial","Xavier Homero Castanier Jaramillo","Xavier Homero","Castanier Jaramillo","Masculino","Desarrollo Económico, Productivo y la Microempresa","@hcastanierj","","/media/fotos_asambleistas/castanier_SF41Jrd.png","/composicion/asambleistas/xavier-homero-castanier-jaramillo/","https://observatoriolegislativo.ec/informes/asambleistas/descarga/detalle-votos/xavier-homero-castanier-jaramillo?formato=csv"
"guillermo-alejandro-celi-santos",318,1,90,"","SUMA",7,"SUMA","Nacional",25,"Nacional","Guillermo Alejandro Celi Santos","Guillermo Alejandro","Celi Santos","Masculino","Desarrollo Económico, Productivo y la Microempresa","@GuillermoCeli","","/media/fotos_asambleistas/celi_F5BnSZ2.png","/composicion/asambleistas/guillermo-alejandro-celi-santos/","https://observatoriolegislativo.ec/informes/asambleistas/descarga/detalle-votos/guillermo-alejandro-celi-santos?formato=csv"
"ludovico-israel-cruz-proano",317,1,91,"","SUMA",7,"SUMA","Chimborazo",13,"Provincial","Ludovico Israel Cruz Proaño","Ludovico Israel","Cruz Proaño","Masculino","Educación, Cultura y Ciencia y Tecnología","","","/media/fotos_asambleistas/cruz_PuuJWJh.png","/composicion/asambleistas/ludovico-israel-cruz-proano/","https://observatoriolegislativo.ec/informes/asambleistas/descarga/detalle-votos/ludovico-israel-cruz-proano?formato=csv"
"jeannine-del-cisne-cruz-vaca",205,1,92,"","CREO",33,"CREO","Loja",16,"Provincial","Jeannine Del Cisne Cruz Vaca","Jeannine Del Cisne","Cruz Vaca","Femenino","Educación, Cultura y Ciencia y Tecnología
Comisión Ocasional AAMPETRA","@Jeanninecruzz","","/media/fotos_asambleistas/cruz_Ep7QInR.png","/composicion/asambleistas/jeannine-del-cisne-cruz-vaca/","https://observatoriolegislativo.ec/informes/asambleistas/descarga/detalle-votos/jeannine-del-cisne-cruz-vaca?formato=csv"
"maria-de-lourdes-cuesta-orellana",316,1,93,"","Independiente",12,"Independiente","Azuay",10,"Provincial","María De Lourdes Cuesta Orellana","María De Lourdes","Cuesta Orellana","Femenino","Justicia y Estructura del Estado","@LouxC","","/media/fotos_asambleistas/Lourdes_Cuesta.png","/composicion/asambleistas/maria-de-lourdes-cuesta-orellana/","https://observatoriolegislativo.ec/informes/asambleistas/descarga/detalle-votos/maria-de-lourdes-cuesta-orellana?formato=csv"
"eduardo-mauricio-zambrano-valle",315,1,94,"","Otro movimiento",41,"Otro movimiento","América Latina, El Caribe y África",27,"Represante Extranjero","Eduardo Mauricio Zambrano Valle","Eduardo Mauricio","Zambrano Valle","Masculino","Desarrollo Económico, Productivo y la Microempresa","@emzambrano76","","/media/fotos_asambleistas/zambrano_m_IZNlBq1.png","/composicion/asambleistas/eduardo-mauricio-zambrano-valle/","https://observatoriolegislativo.ec/informes/asambleistas/descarga/detalle-votos/eduardo-mauricio-zambrano-valle?formato=csv"
"francisco-javier-cadena-huertas",314,1,95,"","Social Conservador del Carchi",20,"Social Conservador del Carchi","Carchi",12,"Provincial","Francisco Javier Cadena Huertas","Francisco Javier","Cadena Huertas","Masculino","Gobiernos Autónomos, Descentralización, Competencias y Organización Territorial","","","/media/fotos_asambleistas/cadena_4bdntsb.png","/composicion/asambleistas/francisco-javier-cadena-huertas/","https://observatoriolegislativo.ec/informes/asambleistas/descarga/detalle-votos/francisco-javier-cadena-huertas?formato=csv"
"elio-german-pena-ontaneda",313,1,96,"","Pachakutik",2,"Pachakutik","Zamora Chinchipe",23,"Provincial","Elio German Peña Ontaneda","Elio German","Peña Ontaneda","Masculino","Justicia y Estructura del Estado
Fiscalización y Control Político","@ElioPk18","","/media/fotos_asambleistas/pe%C3%B1a_oQtEGTM.png","/composicion/asambleistas/elio-german-pena-ontaneda/","https://observatoriolegislativo.ec/informes/asambleistas/descarga/detalle-votos/elio-german-pena-ontaneda?formato=csv"
"raul-freddy-bolivar-campoverde-gonzalez",339,1,97,"","Partido Social Cristiano-Madera de Guerrero",27,"Partido Social Cristiano","Guayas",6,"Provincial","Raúl Freddy Bolívar Campoverde González","Raúl Freddy Bolívar","Campoverde González","Masculino","Participación Ciudadana y Control Social","","","/media/fotos_asambleistas/Campoverde_Raul_Fredy.png","/composicion/asambleistas/raul-freddy-bolivar-campoverde-gonzalez/","https://observatoriolegislativo.ec/informes/asambleistas/descarga/detalle-votos/raul-freddy-bolivar-campoverde-gonzalez?formato=csv"
"dallyana-marianela-passailaigue-manosalvas",311,1,98,"","Partido Social Cristiano-Madera de Guerrero",27,"Partido Social Cristiano","Guayas",6,"Provincial","Dallyana Marianela Passailaigue Manosalvas","Dallyana Marianela","Passailaigue Manosalvas","Femenino","Educación, Cultura y Ciencia y Tecnología","@dallyanapass","","/media/fotos_asambleistas/paissaillegue.png","/composicion/asambleistas/dallyana-marianela-passailaigue-manosalvas/","https://observatoriolegislativo.ec/informes/asambleistas/descarga/detalle-votos/dallyana-marianela-passailaigue-manosalvas?formato=csv"
"cristina-eugenia-reyes-hidalgo",310,1,99,"","Partido Social Cristiano",3,"Partido Social Cristiano","Nacional",25,"Nacional","Cristina Eugenia Reyes Hidalgo","Cristina Eugenia","Reyes Hidalgo","Femenino","Derechos de los Trabajadores y la Seguridad Social","@CristinaReyesec","","/media/fotos_asambleistas/reyes.png","/composicion/asambleistas/cristina-eugenia-reyes-hidalgo/","https://observatoriolegislativo.ec/informes/asambleistas/descarga/detalle-votos/cristina-eugenia-reyes-hidalgo?formato=csv"
"pedro-curichumbi-yupanqui",309,1,100,"","CREO-AMAUTA YUYAY",36,"CREO","Chimborazo",13,"Provincial","Pedro Curichumbi Yupanqui","Pedro","Curichumbi Yupanqui","Masculino","Soberanía, Integración, Relaciones Internacionales y Seguridad Integral","@PedroCurichumbi","","/media/fotos_asambleistas/curichumbi_QCERFpK.png","/composicion/asambleistas/pedro-curichumbi-yupanqui/","https://observatoriolegislativo.ec/informes/asambleistas/descarga/detalle-votos/pedro-curichumbi-yupanqui?formato=csv"
"patricio-donoso-chiriboga",308,1,101,"","CREO",33,"CREO","Pichincha",3,"Provincial","Patricio Donoso Chiriboga","Patricio","Donoso Chiriboga","Masculino","Régimen Económico y Tributario y su Regulación y Control","@donoso2013","","/media/fotos_asambleistas/donoso_YzRMrKd.png","/composicion/asambleistas/patricio-donoso-chiriboga/","https://observatoriolegislativo.ec/informes/asambleistas/descarga/detalle-votos/patricio-donoso-chiriboga?formato=csv"
"fernando-patricio-flores-vasquez",307,1,102,"","CREO",33,"CREO","América Latina, El Caribe y África",27,"Represante Extranjero","Fernando Patricio Flores Vásquez","Fernando Patricio","Flores Vásquez","Masculino","Soberanía, Integración, Relaciones Internacionales y Seguridad Integral","","","/media/fotos_asambleistas/flores_1zBjpJM.png","/composicion/asambleistas/fernando-patricio-flores-vasquez/","https://observatoriolegislativo.ec/informes/asambleistas/descarga/detalle-votos/fernando-patricio-flores-vasquez?formato=csv"
"rosa-isabel-verdezoto-reinoso",347,1,103,"","Juntos Podemos",39,"Juntos Podemos","Tungurahua",18,"Provincial","Rosa Isabel Verdezoto Reinoso","Rosa Isabel","Verdezoto Reinoso","Femenino","Derecho a la Salud","@verdezoto_rosa","","/media/fotos_asambleistas/Rosa_Verdozoto_Juntos_Podemos.png","/composicion/asambleistas/rosa-isabel-verdezoto-reinoso/","https://observatoriolegislativo.ec/informes/asambleistas/descarga/detalle-votos/rosa-isabel-verdezoto-reinoso?formato=csv"
"angel-mesias-gende-calazacon",305,1,104,"BSwg44X0xv4","Movimiento Alianza Tsáchila",37,"Movimiento Alianza Tsáchila","Santo Domingo de los Tsáchilas",17,"Provincial","Ángel Mesías Gende Calazacon","Ángel Mesías","Gende Calazacon","Masculino","Derechos Colectivos, Comunitarios y la Interculturalidad","@yagende","¿Qué es la fiscalización?","/media/fotos_asambleistas/alianza_tsachila_angel_gende_cir.jpg","/composicion/asambleistas/angel-mesias-gende-calazacon/","https://observatoriolegislativo.ec/informes/asambleistas/descarga/detalle-votos/angel-mesias-gende-calazacon?formato=csv"
"roberto-andres-gomez-alcivar",304,1,105,"","CREO",33,"CREO","Guayas",6,"Provincial","Roberto Andrés Gómez Alcívar","Roberto Andrés","Gómez Alcívar","Masculino","Derechos de los Trabajadores y la Seguridad Social","@GomezRobertoA","","/media/fotos_asambleistas/gomez_ejckjZR.png","/composicion/asambleistas/roberto-andres-gomez-alcivar/","https://observatoriolegislativo.ec/informes/asambleistas/descarga/detalle-votos/roberto-andres-gomez-alcivar?formato=csv"
"mariano-zambrano-vera",303,1,106,"","Alianza PAIS-Unidad Primero",23,"Alianza PAIS","Manabí",5,"Provincial","Mariano Zambrano Vera","Mariano","Zambrano Vera","Masculino","Desarrollo Económico, Productivo y la Microempresa","@MarianoEsManabi","","/media/fotos_asambleistas/zambrano_mariano.png","/composicion/asambleistas/mariano-zambrano-vera/","https://observatoriolegislativo.ec/informes/asambleistas/descarga/detalle-votos/mariano-zambrano-vera?formato=csv"
"jaime-enrique-jimmy-candell-soto",322,1,107,"","Movimiento Peninsular Creyendo en Nuestra Gente",8,"Movimiento Peninsular Creyendo en Nuestra Gente","Santa Elena",7,"Provincial","Jaime Enrique Jimmy Candell Soto","Jaime Enrique Jimmy","Candell Soto","Masculino","Educación, Cultura y Ciencia y Tecnología","@JimmyCandell","","/media/fotos_asambleistas/candell_f4eD80q.png","/composicion/asambleistas/jaime-enrique-jimmy-candell-soto/","https://observatoriolegislativo.ec/informes/asambleistas/descarga/detalle-votos/jaime-enrique-jimmy-candell-soto?formato=csv"
"maria-encarnacion-duchi-guaman",301,1,108,"","Pachakutik",2,"Pachakutik","Cañar",1,"Provincial","María Encarnación Duchi Guamán","María Encarnación","Duchi Guamán","Femenino","Soberanía, Integración, Relaciones Internacionales y Seguridad Integral","@EncaDuchi","","/media/fotos_asambleistas/duchi.png","/composicion/asambleistas/maria-encarnacion-duchi-guaman/","https://observatoriolegislativo.ec/informes/asambleistas/descarga/detalle-votos/maria-encarnacion-duchi-guaman?formato=csv"
"jaime-fernando-olivo-pallo",300,1,109,"","Pachakutik",2,"Pachakutik","Cotopaxi",14,"Provincial","Jaime Fernando Olivo Pallo","Jaime Fernando","Olivo Pallo","Masculino","Derechos Colectivos, Comunitarios y la Interculturalidad
Fiscalización y Control Político","","","/media/fotos_asambleistas/olivo.png","/composicion/asambleistas/jaime-fernando-olivo-pallo/","https://observatoriolegislativo.ec/informes/asambleistas/descarga/detalle-votos/jaime-fernando-olivo-pallo?formato=csv"
"cesar-eduardo-rohon-hervas",299,1,110,"","Partido Social Cristiano-Madera de Guerrero",27,"Partido Social Cristiano","Guayas",6,"Provincial","Cesar Eduardo Rohon Hervas","Cesar Eduardo","Rohon Hervas","Masculino","Desarrollo Económico, Productivo y la Microempresa","@CesarRohon","","/media/fotos_asambleistas/rohon.png","/composicion/asambleistas/cesar-eduardo-rohon-hervas/","https://observatoriolegislativo.ec/informes/asambleistas/descarga/detalle-votos/cesar-eduardo-rohon-hervas?formato=csv"
"samia-tacle-garcia",353,1,111,"","Partido Social Cristiano-Madera de Guerrero",27,"Partido Social Cristiano","Guayas",6,"Provincial","Samia Tacle García","Samia","Tacle García","Femenino","Derechos de los Trabajadores y la Seguridad Social","https://twitter.com/samiatacle","","/media/fotos_asambleistas/Samia-OL.png","/composicion/asambleistas/samia-tacle-garcia/","https://observatoriolegislativo.ec/informes/asambleistas/descarga/detalle-votos/samia-tacle-garcia?formato=csv"
"ramon-fortunato-teran-salcedo",297,1,112,"","Partido Social Cristiano",3,"Partido Social Cristiano","Los Ríos",9,"Provincial","Ramón Fortunato Terán Salcedo","Ramón Fortunato","Terán Salcedo","Masculino","Participación Ciudadana y Control Social","@RamonTeranPSC6","","/media/fotos_asambleistas/teran.png","/composicion/asambleistas/ramon-fortunato-teran-salcedo/","https://observatoriolegislativo.ec/informes/asambleistas/descarga/detalle-votos/ramon-fortunato-teran-salcedo?formato=csv"
"luis-esteban-torres-cobo",329,1,113,"","Movimiento PSC-Cambio",15,"Movimiento PSC","Tungurahua",18,"Provincial","Luis Esteban Torres Cobo","Luis Esteban","Torres Cobo","Masculino","Justicia y Estructura del Estado","","","/media/fotos_asambleistas/Torres_Cobo.png","/composicion/asambleistas/luis-esteban-torres-cobo/","https://observatoriolegislativo.ec/informes/asambleistas/descarga/detalle-votos/luis-esteban-torres-cobo?formato=csv"
"maria-gabriela-larreategui-fabara",295,1,114,"","SUMA",7,"SUMA","Pichincha",3,"Provincial","María Gabriela Larreátegui Fabara","María Gabriela","Larreátegui Fabara","Femenino","Régimen Económico y Tributario y su Regulación y Control","@Gabitegui","","/media/fotos_asambleistas/larreategui_Rx7b5DL.png","/composicion/asambleistas/maria-gabriela-larreategui-fabara/","https://observatoriolegislativo.ec/informes/asambleistas/descarga/detalle-votos/maria-gabriela-larreategui-fabara?formato=csv"
"diana-gabriela-saltos-moreira",344,1,115,"","Independiente",12,"Independiente","Los Ríos",9,"Provincial","Diana Gabriela Saltos Moreira","Diana Gabriela","Saltos Moreira","Femenino","Soberanía Alimentaria y Desarrollo del Sector Agropecuario y Pesquero","","","/media/fotos_asambleistas/Saltos_Diana.png","/composicion/asambleistas/diana-gabriela-saltos-moreira/","https://observatoriolegislativo.ec/informes/asambleistas/descarga/detalle-votos/diana-gabriela-saltos-moreira?formato=csv"
"silvia-lorena-vera-calderon",343,1,116,"","CREO",33,"CREO","Guayas",6,"Provincial","Silvia Lorena Vera Calderón","Silvia Lorena","Vera Calderón","Femenino","Educación, Cultura y Ciencia y Tecnología","","","/media/fotos_asambleistas/Vera_Silvia.png","/composicion/asambleistas/silvia-lorena-vera-calderon/","https://observatoriolegislativo.ec/informes/asambleistas/descarga/detalle-votos/silvia-lorena-vera-calderon?formato=csv"
"mae-montano-valencia",272,1,117,"","Independiente",12,"Independiente","Nacional",25,"Nacional","Mae Montaño Valencia","Mae","Montaño Valencia","Femenino","Participación Ciudadana y Control Social","@maemontanov","","/media/fotos_asambleistas/monta%C3%B1o_ifdIfRN.png","/composicion/asambleistas/mae-montano-valencia/","https://observatoriolegislativo.ec/informes/asambleistas/descarga/detalle-votos/mae-montano-valencia?formato=csv"
"henry-fredy-moreno-guerrero",270,1,118,"","CREO",33,"CREO","Pastaza",21,"Provincial","Henry Fredy Moreno Guerrero","Henry Fredy","Moreno Guerrero","Masculino","Biodiversidad y Recursos Naturales","@HenryMorenoEC","","/media/fotos_asambleistas/moreno_xodjjd3.png","/composicion/asambleistas/henry-fredy-moreno-guerrero/","https://observatoriolegislativo.ec/informes/asambleistas/descarga/detalle-votos/henry-fredy-moreno-guerrero?formato=csv"
"hector-patricio-munoz-alarcon",267,1,119,"","Independiente",12,"Independiente","Pichincha",3,"Provincial","Héctor Patricio Muñoz Alarcón","Héctor Patricio","Muñoz Alarcón","Masculino","Justicia y Estructura del Estado","@hmunozalarcon","","/media/fotos_asambleistas/H%C3%A9ctor_Mu%C3%B1oz-_Independiente.png","/composicion/asambleistas/hector-patricio-munoz-alarcon/","https://observatoriolegislativo.ec/informes/asambleistas/descarga/detalle-votos/hector-patricio-munoz-alarcon?formato=csv"
"luis-alberto-pachala-poma",262,1,120,"","CREO-SI ARI",40,"CREO","Bolívar",11,"Provincial","Luis Alberto Pachala Poma","Luis Alberto","Pachala Poma","Masculino","Régimen Económico y Tributario y su Regulación y Control","@luispachala","","/media/fotos_asambleistas/pachala.png","/composicion/asambleistas/luis-alberto-pachala-poma/","https://observatoriolegislativo.ec/informes/asambleistas/descarga/detalle-votos/luis-alberto-pachala-poma?formato=csv"
"raul-estupinan-tello-benalcazar",259,1,121,"","Movimiento Político Unidos por Pastaza",19,"Movimiento Político Unidos por Pastaza","Pastaza",21,"Provincial","Raúl Estupiñan Tello Benalcázar","Raúl Estupiñan","Tello Benalcázar","Masculino","Participación Ciudadana y Control Social","@Raultellob","","/media/fotos_asambleistas/tello.png","/composicion/asambleistas/raul-estupinan-tello-benalcazar/","https://observatoriolegislativo.ec/informes/asambleistas/descarga/detalle-votos/raul-estupinan-tello-benalcazar?formato=csv"
"maria-mercedes-cuesta-concari",323,1,122,"","Fuerza Ecuador",18,"Fuerza Ecuador","Nacional",25,"Nacional","María Mercedes Cuesta Concari","María Mercedes","Cuesta Concari","Femenino","Desarrollo Económico, Productivo y la Microempresa","@mmcuesta","","/media/fotos_asambleistas/cuesta_3EQbbiN.png","/composicion/asambleistas/maria-mercedes-cuesta-concari/","https://observatoriolegislativo.ec/informes/asambleistas/descarga/detalle-votos/maria-mercedes-cuesta-concari?formato=csv"
"eddy-colon-penafiel-izquierdo",252,1,123,"","Pachakutik",2,"Pachakutik","Orellana",20,"Provincial","Eddy Colon Peñafiel Izquierdo","Eddy Colon","Peñafiel Izquierdo","Masculino","Biodiversidad y Recursos Naturales","@PenafielEddy","","/media/fotos_asambleistas/pe%C3%B1afiel.png","/composicion/asambleistas/eddy-colon-penafiel-izquierdo/","https://observatoriolegislativo.ec/informes/asambleistas/descarga/detalle-votos/eddy-colon-penafiel-izquierdo?formato=csv"
"tito-pedro-puanchir-payashna",251,1,124,"","Pachakutik",2,"Pachakutik","Morona Santiago",2,"Provincial","Tito Pedro Puanchir Payashña","Tito Pedro","Puanchir Payashña","Masculino","Derechos Colectivos, Comunitarios y la Interculturalidad","@t_puanchir","","/media/fotos_asambleistas/puanchir.png","/composicion/asambleistas/tito-pedro-puanchir-payashna/","https://observatoriolegislativo.ec/informes/asambleistas/descarga/detalle-votos/tito-pedro-puanchir-payashna?formato=csv"
"fredy-oscar-alarcon-guillin",250,1,125,"","Partido Sociedad Patriótica",9,"Partido Sociedad Patriótica","Sucumbíos",22,"Provincial","Fredy Oscar Alarcón Guillin","Fredy Oscar","Alarcón Guillin","Masculino","Biodiversidad y Recursos Naturales","@FredyAlarconEc","","/media/fotos_asambleistas/alarcon.png","/composicion/asambleistas/fredy-oscar-alarcon-guillin/","https://observatoriolegislativo.ec/informes/asambleistas/descarga/detalle-votos/fredy-oscar-alarcon-guillin?formato=csv"
"cesar-fausto-solorzano-sarria",249,1,126,"","Partido Sociedad Patriótica",9,"Partido Sociedad Patriótica","Napo",19,"Provincial","César Fausto Solórzano Sarria","César Fausto","Solórzano Sarria","Masculino","Régimen Económico y Tributario y su Regulación y Control","@csolorzano3","","/media/fotos_asambleistas/solorzano.png","/composicion/asambleistas/cesar-fausto-solorzano-sarria/","https://observatoriolegislativo.ec/informes/asambleistas/descarga/detalle-votos/cesar-fausto-solorzano-sarria?formato=csv"
"vicente-fernando-almeyda-jalil",337,1,127,"","Partido Social Cristiano",3,"Partido Social Cristiano","Guayas",6,"Provincial","Vicente Fernando Almeyda Jalil","Vicente Fernando","Almeyda Jalil","Masculino","Régimen Económico y Tributario y su Regulación y Control","","","/media/fotos_asambleistas/Almeyda_Jalil.png","/composicion/asambleistas/vicente-fernando-almeyda-jalil/","https://observatoriolegislativo.ec/informes/asambleistas/descarga/detalle-votos/vicente-fernando-almeyda-jalil?formato=csv"
"dennis-gustavo-marin-lavayen",338,1,128,"","Partido Social Cristiano",3,"Partido Social Cristiano","Nacional",25,"Nacional","Dennis Gustavo Marín Lavayen","Dennis Gustavo","Marín Lavayen","Masculino","Soberanía, Integración, Relaciones Internacionales y Seguridad Integral
Fiscalización y Control Político","","","/media/fotos_asambleistas/Mar%C3%ADn_Lavayen.png","/composicion/asambleistas/dennis-gustavo-marin-lavayen/","https://observatoriolegislativo.ec/informes/asambleistas/descarga/detalle-votos/dennis-gustavo-marin-lavayen?formato=csv"
"boris-efren-estupinan-ortiz",340,1,129,"","Partido Social Cristiano",3,"Partido Social Cristiano","Esmeraldas",4,"Provincial","Boris Efrén Estupiñan Ortiz","Boris Efrén","Estupiñan Ortiz","Masculino","Soberanía Alimentaria y Desarrollo del Sector Agropecuario y Pesquero","","","/media/fotos_asambleistas/Estupi%C3%B1an_Boris.png","/composicion/asambleistas/boris-efren-estupinan-ortiz/","https://observatoriolegislativo.ec/informes/asambleistas/descarga/detalle-votos/boris-efren-estupinan-ortiz?formato=csv"
"juan-sebastian-palacios-munoz",245,1,130,"","SUMA",7,"SUMA","Pichincha",3,"Provincial","Juan Sebastián Palacios Muñoz","Juan Sebastián","Palacios Muñoz","Masculino","Derecho a la Salud","@spalacios_23","","/media/fotos_asambleistas/palacios_b2RooEz.png","/composicion/asambleistas/juan-sebastian-palacios-munoz/","https://observatoriolegislativo.ec/informes/asambleistas/descarga/detalle-votos/juan-sebastian-palacios-munoz?formato=csv"
"washington-arturo-paredes-torres",244,1,131,"","Independiente",12,"Independiente","Galápagos",24,"Provincial","Washington Arturo Paredes Torres","Washington Arturo","Paredes Torres","Masculino","Gobiernos Autónomos, Descentralización, Competencias y Organización Territorial","@ParedesWashingt","","/media/fotos_asambleistas/Washignton_Paredes_IND.png","/composicion/asambleistas/washington-arturo-paredes-torres/","https://observatoriolegislativo.ec/informes/asambleistas/descarga/detalle-votos/washington-arturo-paredes-torres?formato=csv"
"franco-segundo-romero-loayza",242,1,132,"","Independiente",12,"Independiente","El Oro",8,"Provincial","Franco Segundo Romero Loayza","Franco Segundo","Romero Loayza","Masculino","Régimen Económico y Tributario y su Regulación y Control
Fiscalización y Control Político","@francoromeroec","","/media/fotos_asambleistas/romero_M2o3KPs.png","/composicion/asambleistas/franco-segundo-romero-loayza/","https://observatoriolegislativo.ec/informes/asambleistas/descarga/detalle-votos/franco-segundo-romero-loayza?formato=csv"
"abdon-marcelo-simbana-villarreal",240,1,133,"","CREO",33,"CREO","Imbabura",15,"Provincial","Abdón Marcelo Simbaña Villarreal","Abdón Marcelo","Simbaña Villarreal","Masculino","Educación, Cultura y Ciencia y Tecnología
Fiscalización y Control Político","@marcelosimbana","","/media/fotos_asambleistas/simba%C3%B1a_V9Le1W5.png","/composicion/asambleistas/abdon-marcelo-simbana-villarreal/","https://observatoriolegislativo.ec/informes/asambleistas/descarga/detalle-votos/abdon-marcelo-simbana-villarreal?formato=csv"
"byron-vinicio-suquilanda-valdivieso",239,1,134,"","CREO",33,"CREO","EEUU y Canadá",29,"Represante Extranjero","Byron Vinicio Suquilanda Valdivieso","Byron Vinicio","Suquilanda Valdivieso","Masculino","Gobiernos Autónomos, Descentralización, Competencias y Organización Territorial","@creoenbyron","","/media/fotos_asambleistas/suquilanda_MPqcgUj.png","/composicion/asambleistas/byron-vinicio-suquilanda-valdivieso/","https://observatoriolegislativo.ec/informes/asambleistas/descarga/detalle-votos/byron-vinicio-suquilanda-valdivieso?formato=csv"
"tanlly-janela-vera-mendoza",237,1,135,"","CREO",33,"CREO","Manabí",5,"Provincial","Tanlly Janela Vera Mendoza","Tanlly Janela","Vera Mendoza","Femenino","Soberanía Alimentaria y Desarrollo del Sector Agropecuario y Pesquero","@TanllyVera","","/media/fotos_asambleistas/vera_zNcezxF.png","/composicion/asambleistas/tanlly-janela-vera-mendoza/","https://observatoriolegislativo.ec/informes/asambleistas/descarga/detalle-votos/tanlly-janela-vera-mendoza?formato=csv"
"pedro-fabricio-villamar-jacome",236,1,136,"","Ahora 65",43,"Ahora 65","Pichincha",3,"Provincial","Pedro Fabricio Villamar Jácome","Pedro Fabricio","Villamar Jácome","Masculino","Soberanía, Integración, Relaciones Internacionales y Seguridad Integral","@fabovillamar","","/media/fotos_asambleistas/villamar_idsMEu6.png","/composicion/asambleistas/pedro-fabricio-villamar-jacome/","https://observatoriolegislativo.ec/informes/asambleistas/descarga/detalle-votos/pedro-fabricio-villamar-jacome?formato=csv"
"hector-jose-yepez-martinez",235,1,137,"","Independiente",12,"Independiente","Guayas",6,"Provincial","Héctor José Yépez Martínez","Héctor José","Yépez Martínez","Masculino","Gobiernos Autónomos, Descentralización, Competencias y Organización Territorial","@hectoryepezm","","/media/fotos_asambleistas/yepez-OL.png","/composicion/asambleistas/hector-jose-yepez-martinez/","https://observatoriolegislativo.ec/informes/asambleistas/descarga/detalle-votos/hector-jose-yepez-martinez?formato=csv"
"maria-soledad-buendia-herdoiza",193,0,11,"","Otro movimiento",41,"Otro movimiento","Pichincha",3,"Provincial","María Soledad Buendía Herdoiza","María Soledad","Buendía Herdoiza","Femenino","Biodiversidad y Recursos Naturales
Derechos de los Trabajadores y la Seguridad Social","@solbuendia","","/media/fotos_asambleistas/buendia_ijX1dEu.png","/composicion/asambleistas/maria-soledad-buendia-herdoiza/","https://observatoriolegislativo.ec/informes/asambleistas/descarga/detalle-votos/maria-soledad-buendia-herdoiza?formato=csv"
"miguel-angel-carvajal-aguirre",324,0,19,"","Alianza PAIS",21,"Alianza PAIS","Pichincha",3,"Provincial","Miguel Ángel Carvajal Aguirre","Miguel Ángel","Carvajal Aguirre","Masculino","Derechos de los Trabajadores y la Seguridad Social","","null","/media/fotos_asambleistas/WhatsApp_Image_2017-07-03_at_5.15.22_PM.jpeg","/composicion/asambleistas/miguel-angel-carvajal-aguirre/","https://observatoriolegislativo.ec/informes/asambleistas/descarga/detalle-votos/miguel-angel-carvajal-aguirre?formato=csv"
"norma-marlene-vallejo-jaramillo",202,0,19,"","Alianza PAIS",21,"Alianza PAIS","Pichincha",3,"Provincial","Norma Marlene Vallejo Jaramillo","Norma Marlene","Vallejo Jaramillo","Femenino","Derechos de los Trabajadores y la Seguridad Social
Comisión Ocasional AAMPETRA 
Comisión Ocasional para vigilar el cumplimiento de la obligación del Estado con los jubilados","@Normita_Vallejo","","/media/fotos_asambleistas/unnamed.png","/composicion/asambleistas/norma-marlene-vallejo-jaramillo/","https://observatoriolegislativo.ec/informes/asambleistas/descarga/detalle-votos/norma-marlene-vallejo-jaramillo?formato=csv"
"eugenia-sofia-espin-reyes",214,0,29,"","Otro movimiento",41,"Otro movimiento","Guayas",6,"Provincial","Eugenia Sofía Espín Reyes","Eugenia Sofía","Espín Reyes","Femenino","Desarrollo Económico, Productivo y la Microempresa
Fiscalización y Control Político","@SofiaEspin35","","/media/fotos_asambleistas/espin_dMlAtF5.png","/composicion/asambleistas/eugenia-sofia-espin-reyes/","https://observatoriolegislativo.ec/informes/asambleistas/descarga/detalle-votos/eugenia-sofia-espin-reyes?formato=csv"
"daniel-isaac-mendoza-arevalo",227,0,42,"","Alianza PAIS-Unidad Primero",23,"Alianza PAIS","Manabí",5,"Provincial","Daniel Isaac Mendoza Arévalo","Daniel Isaac","Mendoza Arévalo","Masculino","Régimen Económico y Tributario y su Regulación y Control
Fiscalización y Control Político","@DanielEsTuVoz","","/media/fotos_asambleistas/mendoza.png","/composicion/asambleistas/daniel-isaac-mendoza-arevalo/","https://observatoriolegislativo.ec/informes/asambleistas/descarga/detalle-votos/daniel-isaac-mendoza-arevalo?formato=csv"
"sonia-lucrecia-palacios-velasquez",232,0,47,"","Alianza PAIS",21,"Alianza PAIS","Los Ríos",9,"Provincial","Sonia Lucrecia Palacios Velásquez","Sonia Lucrecia","Palacios Velásquez","Femenino","Gobiernos Autónomos, Descentralización, Competencias y Organización Territorial","@spalacios2017","","/media/fotos_asambleistas/palacios.png","/composicion/asambleistas/sonia-lucrecia-palacios-velasquez/","https://observatoriolegislativo.ec/informes/asambleistas/descarga/detalle-votos/sonia-lucrecia-palacios-velasquez?formato=csv"
"nelly-lisseth-andrade-villaprado",351,0,50,"","Alianza PAIS",21,"Alianza PAIS","Sucumbíos",22,"Provincial","Nelly Lisseth Andrade Villaprado","Nelly Lisseth","Andrade Villaprado","Femenino","Soberanía, Integración, Relaciones Internacionales y Seguridad Integral","","","/media/fotos_asambleistas/Silueta.jpeg","/composicion/asambleistas/nelly-lisseth-andrade-villaprado/","https://observatoriolegislativo.ec/informes/asambleistas/descarga/detalle-votos/nelly-lisseth-andrade-villaprado?formato=csv"
"gabriela-alejandra-rivadeneira-burbano",254,0,54,"","Otro movimiento",41,"Otro movimiento","Nacional",25,"Nacional","Gabriela Alejandra Rivadeneira Burbano","Gabriela Alejandra","Rivadeneira Burbano","Femenino","Derecho a la Salud","@GabrielaEsPais","","/media/fotos_asambleistas/rivadeneira_g_aORQMhW.png","/composicion/asambleistas/gabriela-alejandra-rivadeneira-burbano/","https://observatoriolegislativo.ec/informes/asambleistas/descarga/detalle-votos/gabriela-alejandra-rivadeneira-burbano?formato=csv"
"montgomery-sanchez-reyes",261,0,60,"","Alianza PAIS-MAR",42,"Alianza PAIS","El Oro",8,"Provincial","Montgomery Sánchez Reyes","Montgomery","Sánchez Reyes","Masculino","Gobiernos Autónomos, Descentralización, Competencias y Organización Territorial
Comisión Ocasional Consulta Popular 2018
Comisión Ocasional para vigilar el cumplimiento de la obligación del Estado con los jubilados","@MongoSanchezR","","/media/fotos_asambleistas/sanchez.png","/composicion/asambleistas/montgomery-sanchez-reyes/","https://observatoriolegislativo.ec/informes/asambleistas/descarga/detalle-votos/montgomery-sanchez-reyes?formato=csv"
"carlos-eloy-viteri-gualinga",271,0,67,"","Otro movimiento",41,"Otro movimiento","Nacional",25,"Nacional","Carlos Eloy Viteri Gualinga","Carlos Eloy","Viteri Gualinga","Masculino","Derechos Colectivos, Comunitarios y la Interculturalidad","@cviterigualinga","","/media/fotos_asambleistas/viteri_wYRZEIQ.png","/composicion/asambleistas/carlos-eloy-viteri-gualinga/","https://observatoriolegislativo.ec/informes/asambleistas/descarga/detalle-votos/carlos-eloy-viteri-gualinga?formato=csv"
"jorge-homero-yunda-machado",276,0,69,"","Alianza PAIS",21,"Alianza PAIS","Pichincha",3,"Provincial","Jorge Homero Yunda Machado","Jorge Homero","Yunda Machado","Masculino","Derecho a la Salud","@LoroHomero","","/media/fotos_asambleistas/yunda.png","/composicion/asambleistas/jorge-homero-yunda-machado/","https://observatoriolegislativo.ec/informes/asambleistas/descarga/detalle-votos/jorge-homero-yunda-machado?formato=csv"
"jose-ricardo-zambrano-arteaga",277,0,70,"","Alianza PAIS-Unidad Primero",23,"Alianza PAIS","Manabí",5,"Provincial","José Ricardo Zambrano Arteaga","José Ricardo","Zambrano Arteaga","Masculino","Soberanía Alimentaria y Desarrollo del Sector Agropecuario y Pesquero","@ricardozampais","","/media/fotos_asambleistas/zambrano_j.png","/composicion/asambleistas/jose-ricardo-zambrano-arteaga/","https://observatoriolegislativo.ec/informes/asambleistas/descarga/detalle-votos/jose-ricardo-zambrano-arteaga?formato=csv"
"jose-francisco-asan-wonsang",279,0,72,"","Partido Social Cristiano-Madera de Guerrero",27,"Partido Social Cristiano","Guayas",6,"Provincial","José Francisco Asán Wonsang","José Francisco","Asán Wonsang","Masculino","Gobiernos Autónomos, Descentralización, Competencias y Organización Territorial","@pacoasan","","/media/fotos_asambleistas/asan.png","/composicion/asambleistas/jose-francisco-asan-wonsang/","https://observatoriolegislativo.ec/informes/asambleistas/descarga/detalle-votos/jose-francisco-asan-wonsang?formato=csv"
"esteban-remigio-bernal-bernal",281,0,74,"gFh_2Xkw114","CREO- PARTICIPA",35,"CREO","Azuay",10,"Provincial","Esteban Remigio Bernal Bernal","Esteban Remigio","Bernal Bernal","Masculino","Biodiversidad y Recursos Naturales","@EstebanBernalB","¿Qué es un juicio político?","/media/fotos_asambleistas/bernal_soS72Xo.png","/composicion/asambleistas/esteban-remigio-bernal-bernal/","https://observatoriolegislativo.ec/informes/asambleistas/descarga/detalle-votos/esteban-remigio-bernal-bernal?formato=csv"
"eliseo-alexis-azuero-rodas",284,0,77,"","Independiente",12,"Independiente","Sucumbíos",22,"Provincial","Eliseo Alexis Azuero Rodas","Eliseo Alexis","Azuero Rodas","Masculino","&nbsp;","@EliseoAzueroR","","/media/fotos_asambleistas/azuero.png","/composicion/asambleistas/eliseo-alexis-azuero-rodas/","https://observatoriolegislativo.ec/informes/asambleistas/descarga/detalle-votos/eliseo-alexis-azuero-rodas?formato=csv"
"pedro-carlos-falquez-batallas",286,0,79,"","Partido Social Cristiano",3,"Partido Social Cristiano","El Oro",8,"Provincial","Pedro Carlos Falquez Batallas","Pedro Carlos","Falquez Batallas","Masculino","Soberanía Alimentaria y Desarrollo del Sector Agropecuario y Pesquero","@CarlosFalquezB","","/media/fotos_asambleistas/falquez.png","/composicion/asambleistas/pedro-carlos-falquez-batallas/","https://observatoriolegislativo.ec/informes/asambleistas/descarga/detalle-votos/pedro-carlos-falquez-batallas?formato=csv"
"mayra-migdonia-montano-guisamano",312,0,100,"","Partido Social Cristiano-Madera de Guerrero",27,"Partido Social Cristiano","Guayas",6,"Provincial","Mayra Migdonia Montaño Guisamano","Mayra Migdonia","Montaño Guisamano","Femenino","Participación Ciudadana y Control Social
Comisión Ocasional para Atender los Casos de Personas Desaparecidas","@MontanoMayra","","/media/fotos_asambleistas/monta%C3%B1o_Urntz17.png","/composicion/asambleistas/mayra-migdonia-montano-guisamano/","https://observatoriolegislativo.ec/informes/asambleistas/descarga/detalle-votos/mayra-migdonia-montano-guisamano?formato=csv"
"ana-mercedes-galarza-anazco",306,0,103,"","CREO",33,"CREO","Tungurahua",18,"Provincial","Ana Mercedes Galarza Añazco","Ana Mercedes","Galarza Añazco","Femenino","Derecho a la Salud","@AniMeGalarza","","/media/fotos_asambleistas/galarza_9M03mWz.png","/composicion/asambleistas/ana-mercedes-galarza-anazco/","https://observatoriolegislativo.ec/informes/asambleistas/descarga/detalle-votos/ana-mercedes-galarza-anazco?formato=csv"
"vicente-giovanny-taiano-basante",298,0,111,"","Partido Social Cristiano-Madera de Guerrero",27,"Partido Social Cristiano","Guayas",6,"Provincial","Vicente Giovanny Taiano Basante","Vicente Giovanny","Taiano Basante","Masculino","Derechos de los Trabajadores y la Seguridad Social","@VicenteTaianoEC","","/media/fotos_asambleistas/taiano.png","/composicion/asambleistas/vicente-giovanny-taiano-basante/","https://observatoriolegislativo.ec/informes/asambleistas/descarga/detalle-votos/vicente-giovanny-taiano-basante?formato=csv"
"luis-fernando-torres-torres",296,0,113,"","Movimiento PSC-Cambio",15,"Movimiento PSC","Tungurahua",18,"Provincial","Luis Fernando Torres Torres","Luis Fernando","Torres Torres","Masculino","Justicia y Estructura del Estado","@lftorrest","","/media/fotos_asambleistas/torres.png","/composicion/asambleistas/luis-fernando-torres-torres/","https://observatoriolegislativo.ec/informes/asambleistas/descarga/detalle-votos/luis-fernando-torres-torres?formato=csv"
"joffre-patricio-mendoza-palma",275,0,115,"","Independiente",12,"Independiente","Los Ríos",9,"Provincial","Joffre Patricio Mendoza Palma","Joffre Patricio","Mendoza Palma","Masculino","Soberanía Alimentaria y Desarrollo del Sector Agropecuario y Pesquero","@Elcholo_mendoza","","/media/fotos_asambleistas/mendoza_Xqrtgkt.png","/composicion/asambleistas/joffre-patricio-mendoza-palma/","https://observatoriolegislativo.ec/informes/asambleistas/descarga/detalle-votos/joffre-patricio-mendoza-palma?formato=csv"
"romulo-marcelo-minchala-murillo",274,0,116,"","CREO",33,"CREO","Guayas",6,"Provincial","Rómulo Marcelo Minchala Murillo","Rómulo Marcelo","Minchala Murillo","Masculino","Educación, Cultura y Ciencia y Tecnología","@rminchalam","","/media/fotos_asambleistas/minchala_fpZgLq1.png","/composicion/asambleistas/romulo-marcelo-minchala-murillo/","https://observatoriolegislativo.ec/informes/asambleistas/descarga/detalle-votos/romulo-marcelo-minchala-murillo?formato=csv"
"blanca-rosana-ugarte-guzman",248,0,127,"","Independiente",12,"Independiente","Guayas",6,"Provincial","Blanca Rosana Ugarte Guzmán","Blanca Rosana","Ugarte Guzmán","Femenino","Derecho a la Salud","@PolyUgarteG","","/media/fotos_asambleistas/ugarte_aKl1m9A.png","/composicion/asambleistas/blanca-rosana-ugarte-guzman/","https://observatoriolegislativo.ec/informes/asambleistas/descarga/detalle-votos/blanca-rosana-ugarte-guzman?formato=csv"
"paola-vintimilla-moscoso",247,0,128,"","Partido Social Cristiano",3,"Partido Social Cristiano","Nacional",25,"Nacional","Paola Vintimilla Moscoso","Paola","Vintimilla Moscoso","Femenino","Soberanía, Integración, Relaciones Internacionales y Seguridad Integral","@PaolaVintimilla","","/media/fotos_asambleistas/vintimilla.png","/composicion/asambleistas/paola-vintimilla-moscoso/","https://observatoriolegislativo.ec/informes/asambleistas/descarga/detalle-votos/paola-vintimilla-moscoso?formato=csv"
"maria-roberta-zambrano-ortiz",246,0,129,"","Partido Social Cristiano",3,"Partido Social Cristiano","Esmeraldas",4,"Provincial","María Roberta Zambrano Ortíz","María Roberta","Zambrano Ortíz","Femenino","Soberanía Alimentaria y Desarrollo del Sector Agropecuario y Pesquero","@RobertaZambran6","","/media/fotos_asambleistas/zambrano.png","/composicion/asambleistas/maria-roberta-zambrano-ortiz/","https://observatoriolegislativo.ec/informes/asambleistas/descarga/detalle-votos/maria-roberta-zambrano-ortiz?formato=csv"
